Domain,Status,Attractiveness,Demand,Length,Sectors,Created,Expires,Registrar
one.mx,resell,132,44%,3,"Business,General,Media,Technology",13/09/2009 00:00,12/09/2028 00:00,"AKKY ONLINE SOLUTIONS, S.A. DE C.V."
eight.mx,expiring,102,23%,5,"General,Mathematics",01/09/2023 00:00,01/09/2025 00:00,InterNetX GmbH
eighth.mx,available,100,6%,6,Mathematics,,,
ninth.mx,available,100,9%,5,Mathematics,,,
crack.mx,available,100,20%,5,Sports,,,
sixth.mx,available,100,8%,5,Mathematics,,,
nought.mx,available,92,4%,6,Mathematics,,,
twentieth.mx,available,92,3%,9,Mathematics,,,
hundred.mx,available,88,14%,7,Mathematics,,,
fifteen.mx,available,88,13%,7,Mathematics,,,
twelve.mx,available,88,18%,6,"General,Mathematics",,,
three.mx,available,88,24%,5,Mathematics,,,
sixteen.mx,available,88,11%,7,Mathematics,,,
ace.mx,resell,88,34%,3,Sports,22/11/2015 00:00,22/11/2025 00:00,"AKKY ONLINE SOLUTIONS, S.A. DE C.V."
xiv.mx,available,86,12%,3,Mathematics,,,
grand.mx,available,84,25%,5,"Finance,General",,,
nineteen.mx,available,84,8%,8,Mathematics,,,
fourteen.mx,available,84,8%,8,Mathematics,,,
thirteen.mx,available,84,10%,8,Mathematics,,,
twentytwo.mx,available,84,11%,10,Mathematics,,,
thousand.mx,available,84,8%,8,Mathematics,,,
decade.mx,available,82,10%,6,Mathematics,,,
fivesome.mx,available,82,1%,8,Sports,,,
trio.mx,resell,80,21%,4,Entertainment,05/12/2020 00:00,05/12/2025 00:00,Edomains LLC
seventh.mx,available,80,10%,7,Mathematics,,,
twenty.mx,available,80,12%,6,Mathematics,,,
yard.mx,available,80,26%,4,"Construction,General",,,
sixtynine.mx,available,78,8%,10,Mathematics,,,
twentysix.mx,available,78,8%,10,Mathematics,,,
hundredth.mx,available,76,1%,9,Mathematics,,,
fourteenth.mx,available,76,1%,10,Mathematics,,,
thirteenth.mx,available,76,4%,10,Mathematics,,,
fifteenth.mx,available,76,2%,9,Mathematics,,,
thousandth.mx,available,76,1%,10,Mathematics,,,
nineteenth.mx,available,76,3%,10,Mathematics,,,
firstrate.mx,available,76,6%,10,Business,,,
threed.mx,available,76,7%,7,Technology,,,
single.mx,available,74,19%,6,Sports,,,
seventieth.mx,available,72,1%,10,Mathematics,,,
sixtieth.mx,available,72,1%,8,Mathematics,,,
trey.mx,available,72,14%,4,Sports,,,
ninetieth.mx,available,72,1%,9,Mathematics,,,
ternary.mx,available,72,7%,7,Mathematics,,,
eightieth.mx,available,72,1%,9,Mathematics,,,
octonary.mx,available,68,1%,8,Mathematics,,,
thirtieth.mx,available,68,1%,9,Mathematics,,,
ennead.mx,available,68,5%,6,Mathematics,,,
foursome.mx,available,68,4%,8,Sports,,,
septenary.mx,available,68,1%,9,Mathematics,,,
threesome.mx,available,68,5%,9,Entertainment,,,
fiftieth.mx,available,68,0%,8,Mathematics,,,
fortieth.mx,available,68,0%,8,Mathematics,,,
sevener.mx,available,68,1%,7,Mathematics,,,
latest.mx,available,66,18%,6,Technology,,,
xxvi.mx,available,66,3%,4,Mathematics,,,
acappella.mx,available,66,6%,10,Entertainment,,,
xii.mx,available,66,10%,3,Mathematics,,,
xxv.mx,available,66,6%,3,Mathematics,,,
xxi.mx,available,66,10%,3,Mathematics,,,
fifty.mx,expiring,66,12%,5,Mathematics,15/09/2023 00:00,15/09/2025 00:00,InterNetX GmbH
xxii.mx,available,66,6%,4,Mathematics,,,
sextet.mx,available,66,1%,6,Entertainment,,,
xviii.mx,available,66,5%,5,Mathematics,,,
ninety.mx,available,66,11%,6,Mathematics,,,
clv.mx,available,66,10%,3,Mathematics,,,
tenner.mx,available,66,5%,6,Finance,,,
eighty.mx,available,66,6%,6,Mathematics,,,
xiii.mx,available,66,9%,4,Mathematics,,,
onec.mx,available,66,6%,5,Mathematics,,,
xvii.mx,available,66,5%,4,Mathematics,,,
xvi.mx,available,66,5%,3,Mathematics,,,
thirty.mx,available,66,8%,6,Mathematics,,,
fortyfour.mx,available,62,6%,10,Mathematics,,,
twodozen.mx,available,62,1%,9,Mathematics,,,
troika.mx,available,62,8%,6,Politics,,,
sixteenth.mx,available,62,1%,9,Mathematics,,,
quartet.mx,available,62,7%,7,"Arts,Entertainment",,,
longdozen.mx,available,62,2%,10,Mathematics,,,
chiliad.mx,available,62,2%,7,Mathematics,,,
eleventh.mx,available,62,5%,8,Mathematics,,,
eighteenth.mx,available,62,1%,10,Mathematics,,,
thou.mx,available,60,7%,4,Mathematics,,,
clxxv.mx,available,60,1%,5,Mathematics,,,
cxxxv.mx,available,60,2%,5,Mathematics,,,
cxxv.mx,available,60,1%,4,Mathematics,,,
cxx.mx,available,60,10%,3,Mathematics,,,
cxlv.mx,available,60,2%,4,Mathematics,,,
clxx.mx,available,60,3%,4,Mathematics,,,
cxv.mx,available,60,4%,3,Mathematics,,,
xcl.mx,available,60,5%,3,Mathematics,,,
clxv.mx,available,60,1%,4,Mathematics,,,
eightysix.mx,available,60,7%,10,Mathematics,,,
clxxx.mx,available,60,1%,5,Mathematics,,,
cxl.mx,available,60,7%,3,Mathematics,,,
cxxx.mx,available,60,4%,4,Mathematics,,,
centesimal.mx,available,58,1%,10,Mathematics,,,
fourth.mx,available,58,13%,6,Mathematics,,,
sixtyone.mx,available,58,3%,9,Mathematics,,,
alacarte.mx,expiring,58,11%,10,Food and Beverage,10/09/2016 00:00,10/09/2025 00:00,InterNetX GmbH
sextuplet.mx,available,58,1%,9,Healthcare,,,
heptad.mx,available,58,1%,6,Mathematics,,,
fifth.mx,available,58,12%,5,Mathematics,,,
eighter.mx,available,58,2%,7,Mathematics,,,
sixer.mx,available,58,5%,5,Sports,,,
octad.mx,available,58,5%,5,Mathematics,,,
fourscore.mx,available,58,4%,9,Mathematics,,,
pentad.mx,available,58,2%,6,Mathematics,,,
lxxx.mx,available,58,2%,4,Mathematics,,,
tetrad.mx,available,58,5%,6,Mathematics,,,
hexad.mx,available,58,4%,5,Mathematics,,,
twelfth.mx,available,58,2%,7,Mathematics,,,
xliii.mx,available,56,1%,5,Mathematics,,,
thirtytwo.mx,available,56,5%,10,Mathematics,,,
xxviii.mx,available,56,1%,6,Mathematics,,,
lviii.mx,available,56,1%,5,Mathematics,,,
xlii.mx,available,56,5%,4,Mathematics,,,
fiftytwo.mx,available,56,6%,9,Mathematics,,,
fiftynine.mx,available,56,4%,10,Mathematics,,,
fiftyone.mx,available,56,7%,9,Mathematics,,,
xli.mx,available,56,5%,3,Mathematics,,,
lvii.mx,available,56,1%,4,Mathematics,,,
fiftyfour.mx,available,56,3%,10,Mathematics,,,
fortyone.mx,available,56,4%,9,Mathematics,,,
xxxii.mx,available,56,1%,5,Mathematics,,,
xxiv.mx,available,56,5%,4,Mathematics,,,
thirtysix.mx,available,56,5%,10,Mathematics,,,
xlvii.mx,available,56,2%,5,Mathematics,,,
xxxvi.mx,available,56,1%,5,Mathematics,,,
xxxiv.mx,available,56,1%,5,Mathematics,,,
fortynine.mx,available,56,3%,10,Mathematics,,,
xxxviii.mx,available,56,1%,7,Mathematics,,,
lii.mx,available,56,7%,3,Mathematics,,,
xxvii.mx,available,56,3%,5,Mathematics,,,
fortysix.mx,available,56,3%,9,Mathematics,,,
xxxv.mx,available,56,4%,4,Mathematics,,,
xxxiii.mx,available,56,2%,6,Mathematics,,,
thirtyone.mx,available,56,5%,10,Mathematics,,,
liii.mx,available,56,4%,4,Mathematics,,,
xliv.mx,available,56,2%,4,Mathematics,,,
xxiii.mx,available,56,5%,5,Mathematics,,,
xxxi.mx,available,56,9%,4,Mathematics,,,
halfdozen.mx,available,56,1%,10,Mathematics,,,
xxxvii.mx,available,56,2%,6,Mathematics,,,
xxix.mx,available,56,4%,4,Mathematics,,,
fiftyfive.mx,available,56,7%,10,Mathematics,,,
fiftysix.mx,available,56,4%,9,Mathematics,,,
xlv.mx,available,56,6%,3,Mathematics,,,
xlviii.mx,available,56,1%,6,Mathematics,,,
deuceace.mx,available,54,2%,9,Sports,,,
vii.mx,available,54,13%,3,Mathematics,,,
quatern.mx,available,54,2%,7,Mathematics,,,
fortyfive.mx,available,54,4%,10,Mathematics,,,
quaternion.mx,available,54,6%,10,Mathematics,,,
threescore.mx,available,54,1%,10,Mathematics,,,
viii.mx,available,54,6%,4,Mathematics,,,
quaternity.mx,available,54,4%,10,Mathematics,,,
twoscore.mx,available,54,2%,8,Mathematics,,,
sixtyfour.mx,available,52,3%,10,Mathematics,,,
ninetysix.mx,available,52,4%,10,Mathematics,,,
xcii.mx,available,52,2%,4,Mathematics,,,
lxii.mx,available,52,1%,4,Mathematics,,,
lxxxvii.mx,available,52,1%,7,Mathematics,,,
lxxi.mx,available,52,1%,4,Mathematics,,,
lxxii.mx,available,52,1%,5,Mathematics,,,
lxi.mx,available,52,5%,3,Mathematics,,,
lxxxi.mx,available,52,1%,5,Mathematics,,,
xciv.mx,available,52,2%,4,Mathematics,,,
lxxiii.mx,available,52,1%,6,Mathematics,,,
eightyone.mx,available,52,3%,10,Mathematics,,,
xciii.mx,available,52,1%,5,Mathematics,,,
tierce.mx,available,52,null%,6,General,,,
ixc.mx,available,52,5%,3,Mathematics,,,
lxvi.mx,available,52,3%,4,Mathematics,,,
sixtyfive.mx,available,52,3%,10,Mathematics,,,
lxiv.mx,available,52,3%,4,Mathematics,,,
lxxxvi.mx,available,52,1%,6,Mathematics,,,
lxxv.mx,available,52,1%,4,Mathematics,,,
lxiii.mx,available,52,2%,5,Mathematics,,,
xcvii.mx,available,52,1%,5,Mathematics,,,
lxxxii.mx,available,52,1%,6,Mathematics,,,
lxxvi.mx,available,52,1%,5,Mathematics,,,
lxxvii.mx,available,52,2%,6,Mathematics,,,
xcvi.mx,available,52,2%,4,Mathematics,,,
lxxiv.mx,available,52,1%,5,Mathematics,,,
lxxxv.mx,available,52,1%,5,Mathematics,,,
lxv.mx,available,52,5%,3,Mathematics,,,
xcv.mx,available,52,7%,3,Mathematics,,,
ninetyone.mx,available,52,5%,10,Mathematics,,,
ninetytwo.mx,available,52,4%,10,Mathematics,,,
lxxxiii.mx,available,52,1%,7,Mathematics,,,
xcviii.mx,available,52,1%,6,Mathematics,,,
sixtytwo.mx,available,52,3%,9,Mathematics,,,
xci.mx,available,52,4%,3,Mathematics,,,
lxviii.mx,available,52,1%,6,Mathematics,,,
lxvii.mx,available,52,1%,5,Mathematics,,,
lxxxiv.mx,available,52,1%,6,Mathematics,,,
ogdoad.mx,available,50,1%,6,Mathematics,,,
cinque.mx,expiring,50,7%,6,Mathematics,21/08/2022 00:00,21/08/2025 00:00,GoDaddy.com
lxx.mx,available,50,5%,3,Mathematics,,,
lxxxviii.mx,available,48,1%,8,Mathematics,,,
quaternary.mx,available,46,3%,10,Mathematics,,,